doc_id,query,product,section,type,hit,rank
b0f0c174-97bd-4dcd-b8bf-9e14a48fbca6,Vietcombank có những gói vay nào?,,list,loan,True,1
d22c301d-fdc1-4fdd-8802-78ebc9a02a73,Vietcombank có những gói vay Vay mua ô tô nào?,Vay mua ô tô,list,loan,True,1
215d387c-33a8-40e4-b7dd-f9c4f6c79ca4,Nhóm vay Vay nhu cầu bất động sản gồm những sản phẩm gì?,Vay nhu cầu bất động sản,list,loan,True,1
70f79774-8ff5-412e-b4e9-bf320932613a,Các sản phẩm thuộc nhóm Vay sản xuất kinh doanh tại VCB?,Vay sản xuất kinh doanh,list,loan,True,2
815237d9-1b98-415b-89bb-671c136bc479,Các sản phẩm thuộc nhóm Vay tiêu dùng tại VCB?,Vay tiêu dùng,list,loan,True,2
f106be56-da64-4169-bc89-77e48c2f0744,VCB phát hành những thẻ tín dụng gì?,,list,card,True,2
32de3a50-3635-4cdd-9dff-454480c5ce25,Hạn mức vay Vay mua ô tô VCB là bao nhiêu?,Vay mua ô tô,Thông tin chung,loan,True,2
54a3465a-1b07-4f5c-be42-2583f2bee8fb,Hồ sơ vay Vay mua ô tô tại Vietcombank cần những gì?,Vay mua ô tô,Hồ sơ chuẩn bị,loan,True,1
3f5b81bc-fbaa-49b4-989c-94c494e97d18,Quy trình giải ngân Vay mua ô tô tại VCB?,Vay mua ô tô,Quy trình & Ngày trả nợ,loan,True,2
8556be44-e318-424f-8870-67c4aca376a7,Phí trả nợ trước hạn Vay mua ô tô tại Vietcombank?,Vay mua ô tô,Biểu phí,loan,True,4
8cf646ed-f945-4d98-8431-4c63ceaf0275,Ai đủ điều kiện vay Vay xây sửa nhà ở tại Vietcombank?,Vay xây sửa nhà ở,Thông tin chung,loan,True,12
a2dd4fd7-c804-402c-bbf1-388801159a9f,Vay Vay xây sửa nhà ở cần nộp hồ sơ gì cho VCB?,Vay xây sửa nhà ở,Hồ sơ chuẩn bị,loan,True,1
7da03a91-3a72-4164-a14b-7a260b55777a,Quy trình vay Vay xây sửa nhà ở tại Vietcombank như thế nào?,Vay xây sửa nhà ở,Quy trình & Ngày trả nợ,loan,True,1
68a7b489-e71d-43f3-9c60-bca110fd2800,Phí trả nợ trước hạn Vay xây sửa nhà ở tại Vietcombank?,Vay xây sửa nhà ở,Biểu phí,loan,True,3
208a2e0c-a397-4878-9cfb-db344fa4f348,Điều kiện vay Nhà Mới Thành Đạt tại Vietcombank là gì?,Nhà Mới Thành Đạt,Thông tin chung,loan,True,1
b2bc7bd7-c947-49b6-a31f-9537f98184df,Cần chuẩn bị giấy tờ gì để vay Nhà Mới Thành Đạt?,Nhà Mới Thành Đạt,Hồ sơ chuẩn bị,loan,True,1
00054889-76c4-41f3-aa74-75acab0fa04e,Các bước vay Nhà Mới Thành Đạt tại Vietcombank?,Nhà Mới Thành Đạt,Quy trình vay và kỳ trả nợ,loan,True,1
f198d58d-c4f7-4625-bb98-130edbc290f5,Phí vay Nhà Mới Thành Đạt tại Vietcombank là bao nhiêu?,Nhà Mới Thành Đạt,Phí,loan,False,
c41077dd-9292-45c9-8de2-6b16485e497a,Ai đủ điều kiện vay Vay mua nhà dự án tại Vietcombank?,Vay mua nhà dự án,Thông tin chung,loan,True,8
31207a5b-d790-4e0c-a4b9-b35a6e9066f0,Cần chuẩn bị giấy tờ gì để vay Vay mua nhà dự án?,Vay mua nhà dự án,Hồ sơ chuẩn bị,loan,True,1
106defc8-b3e8-4172-9592-e516b0829a65,Quy trình giải ngân Vay mua nhà dự án tại VCB?,Vay mua nhà dự án,Quy trình & Ngày trả nợ,loan,True,1
ec167100-cdb5-4a35-8120-8bfb00bdbb9f,Phí phạt trả nợ trước hạn Vay mua nhà dự án?,Vay mua nhà dự án,Biểu phí,loan,True,1
37507c0f-a65a-46dd-af25-963b7d62c09f,"Đối tượng được vay Vay mua nhà ở, đất ở tại Vietcombank?","Vay mua nhà ở, đất ở",Thông tin chung,loan,True,3
96a37061-75d8-4bb7-badb-6c197f99cb26,"Vay Vay mua nhà ở, đất ở cần nộp hồ sơ gì cho VCB?","Vay mua nhà ở, đất ở",Hồ sơ chuẩn bị,loan,True,1
d2087b14-4193-48a3-aa7b-b9b0dc2f60df,"Quy trình giải ngân Vay mua nhà ở, đất ở tại VCB?","Vay mua nhà ở, đất ở",Quy trình & Ngày trả nợ,loan,True,1
48c470d8-6a90-41c0-bfaa-f0f1b7b29f24,"Chi phí vay Vay mua nhà ở, đất ở có những khoản phí gì?","Vay mua nhà ở, đất ở",Biểu phí,loan,True,1
7c1d1256-4127-4e5d-9d09-3f344de218ca,Điều kiện vay An tâm kinh doanh tại Vietcombank là gì?,An tâm kinh doanh,Thông tin chung,loan,True,12
d7a31c25-d21a-4fef-a173-66c75c00212c,Cần chuẩn bị giấy tờ gì để vay An tâm kinh doanh?,An tâm kinh doanh,Hồ sơ chuẩn bị,loan,True,1
7e7da555-83d6-46b0-9fcb-f433df3df058,Kỳ hạn trả nợ vay An tâm kinh doanh Vietcombank?,An tâm kinh doanh,Quy trình & Ngày trả nợ,loan,True,1
9fc90971-aeac-4c23-9f0f-58f56376adda,Chi phí vay An tâm kinh doanh có những khoản phí gì?,An tâm kinh doanh,Biểu phí,loan,True,2
9677ed23-f029-46e0-b887-3ca3fe59cfec,Thời hạn vay tối đa Vay nâng cấp cơ sở lưu trú du lịch là bao lâu?,Vay nâng cấp cơ sở lưu trú du lịch,Thông tin chung,loan,True,1
12cb9e4e-ef58-4082-b2ff-cc3b21b2e9fa,Cần chuẩn bị giấy tờ gì để vay Vay nâng cấp cơ sở lưu trú du lịch?,Vay nâng cấp cơ sở lưu trú du lịch,Hồ sơ chuẩn bị,loan,True,1
fae3b1de-d88b-49b4-92dd-362dd6fff1ae,Các bước vay Vay nâng cấp cơ sở lưu trú du lịch tại Vietcombank?,Vay nâng cấp cơ sở lưu trú du lịch,Quy trình & Ngày trả nợ,loan,True,3
b216f233-e96d-40e2-9290-30df294e93d6,Chi phí vay Vay nâng cấp cơ sở lưu trú du lịch có những khoản phí gì?,Vay nâng cấp cơ sở lưu trú du lịch,Biểu phí,loan,True,2
a3af6883-e1b4-4ca5-910a-522766f8370d,Điều kiện vay Vay xây mới cơ sở lưu trú du lịch tại Vietcombank là gì?,Vay xây mới cơ sở lưu trú du lịch,Thông tin chung,loan,True,4
5ed25a0d-1d87-4bb1-93f4-cca717cb138c,Hồ sơ vay Vay xây mới cơ sở lưu trú du lịch tại Vietcombank cần những gì?,Vay xây mới cơ sở lưu trú du lịch,Hồ sơ chuẩn bị,loan,True,1
6b8e97ee-ad36-4784-a254-48ff93a7f028,Kỳ hạn trả nợ vay Vay xây mới cơ sở lưu trú du lịch Vietcombank?,Vay xây mới cơ sở lưu trú du lịch,Quy trình & Ngày trả nợ,loan,True,1
ed7fc997-53a8-49a3-9cac-2e3dc05847b1,Phí trả nợ trước hạn Vay xây mới cơ sở lưu trú du lịch tại Vietcombank?,Vay xây mới cơ sở lưu trú du lịch,Biểu phí,loan,True,5
b9541c78-d9d5-4ba5-8c9c-cf8e66dac0dd,Thời hạn vay tối đa Kinh doanh tài lộc là bao lâu?,Kinh doanh tài lộc,Thông tin chung,loan,True,1
fc007f3b-3c54-41bf-b828-0c8d4b92b6c7,Thủ tục vay Kinh doanh tài lộc Vietcombank gồm những tài liệu nào?,Kinh doanh tài lộc,Hồ sơ chuẩn bị,loan,True,1
f3e95857-032a-4bfa-aba6-c2f8a7a042a5,Quy trình giải ngân Kinh doanh tài lộc tại VCB?,Kinh doanh tài lộc,Quy trình & Ngày trả nợ,loan,True,1
d563ff4f-1d9b-4b4c-ae56-c8b4ea5fc4cb,Chi phí vay Kinh doanh tài lộc có những khoản phí gì?,Kinh doanh tài lộc,Biểu phí,loan,True,3
14702aa1-9ad6-4617-bb0b-aaf4779c7094,Điều kiện vay Vay tín chấp theo lương tại Vietcombank là gì?,Vay tín chấp theo lương,Thông tin chung,loan,True,3
f15d6855-6bc6-4277-955f-d330d2295c46,Vay Vay tín chấp theo lương cần nộp hồ sơ gì cho VCB?,Vay tín chấp theo lương,Hồ sơ chuẩn bị,loan,True,2
4e6748fd-de3f-46e3-ae95-54e1c3dec24d,Quy trình giải ngân Vay tín chấp theo lương tại VCB?,Vay tín chấp theo lương,Quy trình & Ngày trả nợ,loan,True,1
06ce8cad-2fef-4799-a3ce-471d46d3fd13,Phí trả nợ trước hạn Vay tín chấp theo lương tại Vietcombank?,Vay tín chấp theo lương,Biểu phí,loan,True,4
cb5bd7a0-ba88-40c0-8982-52becdb68b4c,Số tiền vay tối đa Vay cầm cố giấy tờ có giá tại Vietcombank?,Vay cầm cố giấy tờ có giá,Thông tin chung,loan,True,1
4c6ac6c6-8ab2-427d-a0f3-ebba1d440cc4,Hồ sơ vay Vay cầm cố giấy tờ có giá tại Vietcombank cần những gì?,Vay cầm cố giấy tờ có giá,Hồ sơ chuẩn bị,loan,True,1
d26bbef2-8edb-4f64-b327-1d93d2eae7e1,Quy trình giải ngân Vay cầm cố giấy tờ có giá tại VCB?,Vay cầm cố giấy tờ có giá,Quy trình & Ngày trả nợ,loan,True,1
64436d10-615d-4737-baa9-091b2834dcde,Chi phí vay Vay cầm cố giấy tờ có giá có những khoản phí gì?,Vay cầm cố giấy tờ có giá,Biểu phí,loan,True,1
485ae5f3-b8c7-4157-b9dc-fc49f497f5b4,Hạn mức vay Vay tiêu dùng có tài sản bảo đảm VCB là bao nhiêu?,Vay tiêu dùng có tài sản bảo đảm,Thông tin chung,loan,True,1
13ab5970-6fca-49ff-a7ad-2808967708eb,Giấy tờ cần thiết khi vay Vay tiêu dùng có tài sản bảo đảm Vietcombank?,Vay tiêu dùng có tài sản bảo đảm,Hồ sơ chuẩn bị,loan,True,1
c1a5f1d0-8acd-4333-9d32-0d73d5108f97,Lịch trả nợ vay Vay tiêu dùng có tài sản bảo đảm như thế nào?,Vay tiêu dùng có tài sản bảo đảm,Quy trình & Ngày trả nợ,loan,True,3
5fb59a5f-5300-42f4-829d-4b6572eec530,Biểu phí vay Vay tiêu dùng có tài sản bảo đảm Vietcombank gồm những loại nào?,Vay tiêu dùng có tài sản bảo đảm,Biểu phí,loan,True,5
6f61bfb7-0d8a-4713-9c51-1c7ac83d5767,Số tiền tuyệt đối tối đa mà tôi có thể vay đầu tư để mở rộng sản xuất kinh doanh trung hạn tại Vietcombank?,An tâm kinh doanh,__qa__,loan,True,1
6b72e985-10cc-4883-a898-8b4dd0f6f577,Tôi có phải chịu phí trả nợ trước hạn khi thanh toán khoản vay trước hạn không?,An tâm kinh doanh,__qa__,loan,True,2
94672ce9-15b4-4aea-b853-d4c38ded34c5,Tôi có thể dùng tài sản của người khác để bảo đảm cho khoản vay mua ô tô để phục vụ kinh doanh tại Vietcombank không?,An tâm kinh doanh,__qa__,loan,True,1
2882afd3-2646-4dc0-bf2d-8d98f8d4df00,"Tôi kinh doanh lĩnh vực sửa chữa ô tô xe máy, tôi có được vay vốn tại Vietcombank để thanh toán tiển thuê địa điểm garage sửa chữa ô tô xe máy hay không?",An tâm kinh doanh,__qa__,loan,True,1
bebc4bdc-d611-4900-a36f-b0c63cdc864f,"Tôi là chủ Doanh nghiệp tư nhân, tôi có được vay đầu tư tài sản cố định theo sản phẩm này không?",An tâm kinh doanh,__qa__,loan,True,1
18734551-bd60-43f5-87b1-aa71f5f3542c,Số tiền tối đa mà tôi có thể vay bổ sung vốn lưu động tại Vietcombank?,Kinh doanh tài lộc,__qa__,loan,True,1
9ebc833b-6e66-4d32-8fa0-70864257ea39,Tôi có phải chịu phí trả nợ trước hạn khi thanh toán khoản vay trước hạn không?,Kinh doanh tài lộc,__qa__,loan,True,1
4d0a19f4-af0a-4dd8-ab25-074b8988b53a,Tôi có thể dùng tài sản của người khác để bảo đảm cho khoản vay bổ sung vốn lưu động tại Vietcombank không?,Kinh doanh tài lộc,__qa__,loan,True,1
5cd2ba76-640f-4991-b946-741d30a2ae8d,"Tôi kinh doanh lĩnh vực đại lý bán nước giải khát nhưng không có Giấy chứng nhận đăng ký kinh doanh, tôi có được vay vốn tại Vietcombank không?",Kinh doanh tài lộc,__qa__,loan,True,1
845c1b70-f148-42de-bb1b-2b1a2bba3f56,"Tôi là chủ Doanh nghiệp tư nhân, tôi có được vay bổ sung vốn lưu động theo sản phẩm này không?",Kinh doanh tài lộc,__qa__,loan,True,1
bbdde9d0-666c-4c00-8791-db8c683f1666,Giấy tờ có giá của tôi cầm cố tại Ngân hàng được hưởng lãi suất như thế nào?,Vay cầm cố giấy tờ có giá,__qa__,loan,True,1
3ab51f97-a769-453b-a31f-e48952ded472,Kỳ trả nợ gốc lãi của tôi như thế nào?,Vay cầm cố giấy tờ có giá,__qa__,loan,True,6
0b00de55-1712-48e6-803e-6d35450917cd,Tôi có thể cầm cố Giấy tờ có giá với những mục đích gì?,Vay cầm cố giấy tờ có giá,__qa__,loan,True,1
41ebb87f-aefc-4f2d-9ec8-88c5ee9281cf,Tôi có thể cầm cố Sổ tiết kiệm của bố mẹ tôi để vay hay không?,Vay cầm cố giấy tờ có giá,__qa__,loan,True,1
c9d16a1c-67d7-40de-a613-d98028d3cd51,Tôi có thể vay tối đa đến 100% giá trị Giấy tờ có giá không?,Vay cầm cố giấy tờ có giá,__qa__,loan,True,1
63986278-be0b-42fc-be5c-10d8f34a5203,Kỳ trả nợ gốc lãi của tôi như thế nào?,Vay mua nhà dự án,__qa__,loan,True,2
4c5f0da8-2b3a-43bb-abba-ab2bd4c7bc04,"Ngoài Hà Nội và Hồ Chí Minh, tôi có thể vay mua nhà dự án tại ở đâu nữa?",Vay mua nhà dự án,__qa__,loan,True,1
2c1d5c4b-51c0-42a8-8a14-4e4408c89cbd,Tôi có thể chỉ được vay vốn để mua nhà từ Chủ đầu tư?,Vay mua nhà dự án,__qa__,loan,True,1
137f01ff-1610-46bc-81b0-6c4a3f0cf469,Tôi có thể dùng tài sản mua là Hợp đồng mua bán nhà để thế chấp vay mua chính căn nhà thuộc dự án này được không?,Vay mua nhà dự án,__qa__,loan,True,1
4384b77d-4ea5-4c8b-91bf-f2c94cd3ee3d,Tôi có thể vay mua nhà dự án cho người thân hay không?,Vay mua nhà dự án,__qa__,loan,True,1
51f0a997-0fce-46f8-826c-2591269fb921,Kỳ trả nợ gốc lãi của tôi như thế nào?,"Vay mua nhà ở, đất ở",__qa__,loan,True,3
88967db6-d95d-41cb-8186-0d8df295dc0e,Thời gian vay mua nhà ở/đất ở tại Vietcombank là bao lâu?,"Vay mua nhà ở, đất ở",__qa__,loan,True,1
44f683d7-0c6b-42b2-b29d-56aa1b87731b,Tôi có thể vay vốn tại Vietcombank để mua nhà ở/đất ở cho người thân hay không?,"Vay mua nhà ở, đất ở",__qa__,loan,True,1
bf7f0946-ae41-4a2a-9648-bb3193ce59a5,Tôi đang có nhu cầu nhận chuyển nhượng quyền sử dụng đất ở tuy nhiên không có sẵn tiền mặt. Tôi có thể vay Vietcombank 100% nhu cầu vốn hay không?,"Vay mua nhà ở, đất ở",__qa__,loan,True,1
9b76999f-a03f-47ca-9a1d-a10be7ae0e95,Số tiền cho vay tối đa cho 1 khoản vay là bao nhiêu?,Vay mua ô tô,__qa__,loan,True,1
30caf03c-1fad-45f1-beee-15a950ceeb27,Thời gian vay mua ô tô tại VCB là bao lâu?,Vay mua ô tô,__qa__,loan,True,1
e6a93a07-5a0e-4319-8bc6-b9fce55e5f40,Tôi có thể trả nợ vay như thế nào?,Vay mua ô tô,__qa__,loan,True,1
ff235773-7fd0-4f85-b25f-b961e9090344,Kỳ trả nợ gốc lãi của tôi như thế nào?,Vay nâng cấp cơ sở lưu trú du lịch,__qa__,loan,True,4
4e42d7df-9a64-45ba-8bf0-ff88e84e0f77,Tại thời điểm vay tôi 60 tuổi thì thời gian được vay tối đa là bao lâu?,Vay nâng cấp cơ sở lưu trú du lịch,__qa__,loan,True,1
8e6c74d0-fa76-4a4d-b206-ba304aab12d4,Tôi có thể vay vốn đầu tư nâng cấp cơ sở lưu trú du lịch trên đất của bố mẹ/người thân không?,Vay nâng cấp cơ sở lưu trú du lịch,__qa__,loan,True,1
6198d2d4-d75a-4315-953f-9affb144ceeb,Tôi đang có nhu cầu xây mới cơ sở lưu trú và muốn biết mức cho vay tối đa của Vietcombank là bao nhiêu?,Vay nâng cấp cơ sở lưu trú du lịch,__qa__,loan,True,2
3161246a-167f-43be-ae11-d82f4b83c641,"Trong thời gian xây dựng, chưa có thu nhập từ tiền kinh doanh cơ sở lưu trú, Ngân hàng có cho phép tôi được ân hạn gốc vay?",Vay nâng cấp cơ sở lưu trú du lịch,__qa__,loan,True,1
f3727213-116c-4942-9221-c3259c4ea8a4,Điều kiện vay tiêu dùng có thế chấp là gì?,Vay tiêu dùng có tài sản bảo đảm,__qa__,loan,True,1
7ab25689-5369-44d8-a926-022f84933c7a,Thời hạn vay tiêu dùng tối đa là bao lâu?,Vay tiêu dùng có tài sản bảo đảm,__qa__,loan,True,1
8cf3a17c-87f5-4ea8-8f64-419f9ec5ab9c,Tối muốn hỏi thông tin về vay tiêu dùng ?,Vay tiêu dùng có tài sản bảo đảm,__qa__,loan,True,1
8f8b8896-c586-4194-bcd9-cc6a79e32a3d,Vay tiêu dùng có cần tài sản thế chấp không?,Vay tiêu dùng có tài sản bảo đảm,__qa__,loan,True,1
3769613d-6060-4339-a317-f7aac481af2d,Vay tiêu dùng tối đa được bao nhiêu tiền ?,Vay tiêu dùng có tài sản bảo đảm,__qa__,loan,True,1
501cf9e5-1954-4194-8212-e8fca6a895ac,Lương được trả qua ngân hàng khác có thể vay tín chấp tại Vietcombank hay không?,Vay tín chấp đối với Người lao động,__qa__,loan,True,1
c1e7749f-71cf-4345-b0a3-fd2bdbad6e71,Thời gian làm việc tại cơ quan hiện tại có bao gồm thời gian thử việc hay không?,Vay tín chấp đối với Người lao động,__qa__,loan,True,1
febdedf9-05f7-44c9-861c-a00d99a5c51f,"Tôi có phải trả thêm các chi phí như phí thu thập hồ sơ, phí thẩm định hay không?",Vay tín chấp đối với Người lao động,__qa__,loan,True,1
18a7b0d4-6fe3-4feb-b7f4-93e11282c0c2,Tôi có thể trả lãi một lần vào cuối kỳ được không?,Vay tín chấp đối với Người lao động,__qa__,loan,True,1
91ddf16f-d30c-46da-bc10-2b82d4656da0,Tôi có thể trả nợ trước hạn được không?,Vay tín chấp đối với Người lao động,__qa__,loan,True,1
b950a6f7-d0d0-4735-8c36-26c4e562484c,Kỳ trả nợ gốc lãi của tôi như thế nào?,Vay xây mới cơ sở lưu trú du lịch,__qa__,loan,True,5
212f8eba-146f-4ea1-9a8f-2d94dac892b7,Tại thời điểm vay tôi 60 tuổi thì thời gian được vay tối đa là bao lâu?,Vay xây mới cơ sở lưu trú du lịch,__qa__,loan,True,2
657f3c2a-6c72-4a05-a0ae-c77e07040429,Tôi có thể vay vốn đầu tư xây mới cơ sở lưu trú du lịch trên đất của bố mẹ/người thân không?,Vay xây mới cơ sở lưu trú du lịch,__qa__,loan,True,1
58e6c41d-1e96-4b8c-96ec-63dd9316d7b1,Tôi đang có nhu cầu xây mới cơ sở lưu trú và muốn biết mức cho vay tối đa của Vietcombank là bao nhiêu?,Vay xây mới cơ sở lưu trú du lịch,__qa__,loan,True,1
83982730-4f38-4e06-a68d-12cfa7667392,"Trong thời gian xây dựng, chưa có thu nhập từ tiền kinh doanh cơ sở lưu trú, Ngân hàng có cho phép tôi được ân hạn gốc vay?",Vay xây mới cơ sở lưu trú du lịch,__qa__,loan,True,2
6a96af95-9f3a-4bcb-8612-783c9adac780,Kỳ trả nợ gốc lãi của tôi như thế nào?,Vay xây sửa nhà ở,__qa__,loan,True,1
e2622034-b759-4a68-8228-c36efef6bd25,Thời gian vay xây sửa nhà ở tại Vietcombank là bao lâu?,Vay xây sửa nhà ở,__qa__,loan,True,1
b36e8d23-8681-470c-8482-ce4ec90a9f05,Tôi có thể vay vốn tại Vietcombank để xây sửa nhà ở cho người thân hay không?,Vay xây sửa nhà ở,__qa__,loan,True,1
60db0191-6b5d-43e9-a145-ad3a46904364,"Tôi đang có nhu cầu xây nhà ở, tuy nhiên không có sẵn tiền mặt. Tôi có thể vay Vietcombank 100% nhu cầu vốn hay không?",Vay xây sửa nhà ở,__qa__,loan,True,1
0de64f7a-4926-4e46-ad31-1cfc93afca84,Lợi ích thẻ Vietcombank Vibe Platinum Vietcombank là gì?,Vietcombank Vibe Platinum,benefit,card,True,1
a1de39a3-f9b8-4d35-b355-4dc0f16794f7,Điều kiện mở thẻ Vietcombank Vibe Platinum là gì?,Vietcombank Vibe Platinum,condition,card,True,1
6ea90f3d-2e71-4017-8ae3-d467504e1d6e,Thông tin sản phẩm thẻ Vietcombank Vibe Platinum Vietcombank?,Vietcombank Vibe Platinum,overview,card,True,1
25a92ad2-466a-40af-add2-02e8a868cae0,Phí phát hành thẻ Vietcombank Vibe Platinum là bao nhiêu?,Vietcombank Vibe Platinum,fee,card,True,1
b248cb84-b3be-4be8-a5b0-277732ea089d,Lợi ích thẻ Vietcombank Cashplus Platinum American Express® Vietcombank là gì?,Vietcombank Cashplus Platinum American Express®,benefit,card,True,1
2fa1942c-6f67-43db-847d-26d2669ede8c,Ai được làm thẻ Vietcombank Cashplus Platinum American Express® Vietcombank?,Vietcombank Cashplus Platinum American Express®,condition,card,True,3
4f1763ad-25b7-4096-b89f-ada30970f95d,Thẻ Vietcombank Cashplus Platinum American Express® có hạn mức tín dụng bao nhiêu?,Vietcombank Cashplus Platinum American Express®,overview,card,True,1
4e1faca0-45f0-49bb-a0e5-f0159733e557,Chi phí sử dụng thẻ Vietcombank Cashplus Platinum American Express® VCB?,Vietcombank Cashplus Platinum American Express®,fee,card,True,1
e5c21d3d-985a-4411-b2bf-c7254a552242,Quyền lợi khi dùng thẻ Vietcombank Mastercard® World VCB?,Vietcombank Mastercard® World,benefit,card,True,1
80c069b0-5747-4d8c-939f-0222c8fa875d,Điều kiện phát hành thẻ Vietcombank Mastercard® World VCB?,Vietcombank Mastercard® World,condition,card,True,1
05883d6c-1b1e-4830-a3a6-654623717441,Hạn mức sử dụng thẻ Vietcombank Mastercard® World là bao nhiêu?,Vietcombank Mastercard® World,overview,card,True,1
5cc6fbc9-cdda-45b3-af1f-d25dfa1a6576,Biểu phí thẻ Vietcombank Mastercard® World Vietcombank gồm những gì?,Vietcombank Mastercard® World,fee,card,True,1
a6514475-5da2-4b3d-a90f-7f8efe90ebc5,Quyền lợi khi dùng thẻ Vietcombank Visa Platinum VCB?,Vietcombank Visa Platinum,benefit,card,True,1
0557fd52-7d9c-476c-ab40-5b1a6e648d52,Yêu cầu để phát hành thẻ Vietcombank Visa Platinum?,Vietcombank Visa Platinum,condition,card,True,1
d4b350e6-6027-4339-bb48-2869a470cb79,Thông tin sản phẩm thẻ Vietcombank Visa Platinum Vietcombank?,Vietcombank Visa Platinum,overview,card,True,1
a30788d0-f136-4621-985a-b65c5c94545d,Phí phát hành thẻ Vietcombank Visa Platinum là bao nhiêu?,Vietcombank Visa Platinum,fee,card,True,1
7436ab76-f28f-4acd-bea7-43e760ebdb1a,Lợi ích thẻ Vietcombank Vietnam Airlines Platinum American Express® Vietcombank là gì?,Vietcombank Vietnam Airlines Platinum American Express®,benefit,card,True,1
d34780e8-e8f1-4ecc-980e-7ff08e2f244b,Tôi cần đáp ứng điều kiện gì để mở thẻ Vietcombank Vietnam Airlines Platinum American Express®?,Vietcombank Vietnam Airlines Platinum American Express®,condition,card,True,1
9cab2d0b-90af-4eb1-a8ac-b5b9c6f5cf13,Thông tin sản phẩm thẻ Vietcombank Vietnam Airlines Platinum American Express® Vietcombank?,Vietcombank Vietnam Airlines Platinum American Express®,overview,card,True,1
97e43850-19f0-42a1-899e-179e6343cad3,Thẻ Vietcombank Vietnam Airlines Platinum American Express® mất phí bao nhiêu mỗi năm?,Vietcombank Vietnam Airlines Platinum American Express®,fee,card,True,1
4b63f064-6087-4385-9853-ea3292ab142e,Thẻ Vietcombank JCB Platinum có những ưu đãi gì?,Vietcombank JCB Platinum,benefit,card,True,1
efe362ab-ca86-452c-8806-facef459e1f2,Ai được làm thẻ Vietcombank JCB Platinum Vietcombank?,Vietcombank JCB Platinum,condition,card,True,3
09225206-2597-4d83-bb6d-a08f4919b8b0,Giới thiệu về thẻ Vietcombank JCB Platinum của Vietcombank?,Vietcombank JCB Platinum,overview,card,True,2
43948b60-3dba-4941-9032-178f874c7ff2,Chi phí sử dụng thẻ Vietcombank JCB Platinum VCB?,Vietcombank JCB Platinum,fee,card,True,1
c386abf2-3457-4c2d-b0fd-96fc84d06a1a,Quyền lợi khi dùng thẻ Vietcombank Vibe VCB?,Vietcombank Vibe,benefit,card,True,1
b0ead77f-5d44-4556-8112-0e748885ad5c,Tôi cần đáp ứng điều kiện gì để mở thẻ Vietcombank Vibe?,Vietcombank Vibe,condition,card,True,1
8a5a38e4-090e-4343-aca9-8a7b9ec2e418,Thông tin sản phẩm thẻ Vietcombank Vibe Vietcombank?,Vietcombank Vibe,overview,card,True,1
fe9b8ecb-0fb5-4520-aa0d-6b6dcfadd803,Phí phát hành thẻ Vietcombank Vibe là bao nhiêu?,Vietcombank Vibe,fee,card,True,1
65ad7f56-d948-4ecc-a198-c4d244f4e19b,Lợi ích thẻ Vietcombank Vietnam Airlines American Express® Vietcombank là gì?,Vietcombank Vietnam Airlines American Express®,benefit,card,True,1
54dd10ed-e076-4661-97c9-293e200a8be7,Ai được làm thẻ Vietcombank Vietnam Airlines American Express® Vietcombank?,Vietcombank Vietnam Airlines American Express®,condition,card,True,4
f6ef32e2-c495-4497-bafd-1174bb9ac6f6,Thẻ Vietcombank Vietnam Airlines American Express® có hạn mức tín dụng bao nhiêu?,Vietcombank Vietnam Airlines American Express®,overview,card,True,1
8c5cd43e-3d7e-4a9d-a8de-39772a1cdb21,Phí phát hành thẻ Vietcombank Vietnam Airlines American Express® là bao nhiêu?,Vietcombank Vietnam Airlines American Express®,fee,card,True,1
c88fbd89-5b01-4e5b-a613-b9717f85b69f,Thẻ Vietcombank JCB tích điểm thưởng như thế nào?,Vietcombank JCB,benefit,card,True,1
fce91cc6-b850-46b2-b6c6-6d31e9a9784b,Yêu cầu để phát hành thẻ Vietcombank JCB?,Vietcombank JCB,condition,card,True,1
f9416d9e-1010-42ed-a195-135fcfacae4d,Thẻ Vietcombank JCB có hạn mức tín dụng bao nhiêu?,Vietcombank JCB,overview,card,True,1
798e8b29-44f9-4a59-ba3a-3a29393502f7,Biểu phí thẻ Vietcombank JCB Vietcombank gồm những gì?,Vietcombank JCB,fee,card,True,1
eea19f98-4e6d-4a45-b046-ac2fae0eb19a,Ưu đãi hoàn tiền thẻ Vietcombank American Express® Vietcombank?,Vietcombank American Express®,benefit,card,True,1
09ac9811-1d58-42ee-af95-d35a3a64550d,Yêu cầu để phát hành thẻ Vietcombank American Express®?,Vietcombank American Express®,condition,card,True,1
a30965da-19bf-46d0-a7f9-4854bc65a503,Thông tin sản phẩm thẻ Vietcombank American Express® Vietcombank?,Vietcombank American Express®,overview,card,True,1
9a283f06-1cfc-43e5-9af2-598c02be28e1,Chi phí sử dụng thẻ Vietcombank American Express® VCB?,Vietcombank American Express®,fee,card,True,1
9a554977-9793-431e-953c-7b63e7672214,Thẻ Vietcombank Mastercard® tích điểm thưởng như thế nào?,Vietcombank Mastercard®,benefit,card,True,1
6f9fe77e-cb46-4637-bcda-da235baeb3f5,Điều kiện phát hành thẻ Vietcombank Mastercard® VCB?,Vietcombank Mastercard®,condition,card,True,1
2b58f947-25c6-411b-9b68-15901667efbc,Thông tin sản phẩm thẻ Vietcombank Mastercard® Vietcombank?,Vietcombank Mastercard®,overview,card,True,1
d561bf2f-ec77-4e91-953b-1390270f13bf,Phí phát hành thẻ Vietcombank Mastercard® là bao nhiêu?,Vietcombank Mastercard®,fee,card,True,1
11a050b2-f8c5-4fae-8eb1-d846e493b309,Thẻ Vietcombank Visa Snack có những ưu đãi gì?,Vietcombank Visa Snack,benefit,card,True,1
c60f6052-4e77-4bc8-9717-db7cc873a027,Ai được làm thẻ Vietcombank Visa Snack Vietcombank?,Vietcombank Visa Snack,condition,card,True,3
9eb76034-8d08-40d8-b74e-499b848ceaaf,Thẻ Vietcombank Visa Snack VCB có những tính năng gì?,Vietcombank Visa Snack,overview,card,True,2
34e505a4-b83e-491a-9360-b3b5410a8564,Thẻ Vietcombank Visa Snack mất phí bao nhiêu mỗi năm?,Vietcombank Visa Snack,fee,card,True,1
451b3079-897a-4be7-ab0b-2452fe182ca8,Quyền lợi khi dùng thẻ Saigon Centre Takashimaya Vietcombank VCB?,Saigon Centre Takashimaya Vietcombank,benefit,card,True,1
95c12850-a3a3-4c50-93ef-491d670bb202,Tôi cần đáp ứng điều kiện gì để mở thẻ Saigon Centre Takashimaya Vietcombank?,Saigon Centre Takashimaya Vietcombank,condition,card,True,1
6dd49cd3-86fa-40a6-8ef1-2e22f01f82eb,Giới thiệu về thẻ Saigon Centre Takashimaya Vietcombank của Vietcombank?,Saigon Centre Takashimaya Vietcombank,overview,card,True,1
15bdbbe1-ae50-4d10-8e4e-859d7937935c,Thẻ Saigon Centre Takashimaya Vietcombank mất phí bao nhiêu mỗi năm?,Saigon Centre Takashimaya Vietcombank,fee,card,True,1
b8db114d-8473-4205-929d-d43f3c62fc5f,Thông tin về thẻ Danh sách thẻ tín dụng ngừng phát hành mới VCB?,Danh sách thẻ tín dụng ngừng phát hành mới,,card,True,1
10223ace-c38b-41a7-86cf-16cafe4676d9,"Khách hàng nhận thẻ (tín dụng/ghi nợ) nhưng không sử dụng được tại ATM/POS/chi tiêu online, KH không biết nguyên nhân vì sao?",,__qa__,card,True,1
e89d613f-7bf5-4197-a606-1280dcc29766,"Tôi bị nuốt thẻ tại ATM, tôi cần phải làm gì để nhận lại được thẻ?",,__qa__,card,True,1
66b60684-68d5-48c1-acfe-f2806be4bdef,"Tôi bị mất thẻ, đã báo khóa thẻ qua Hotline bây giờ tôi đã tìm được thẻ, có nhu cầu mở khóa thẻ thì phải làm như nào?",,__qa__,card,True,1
994851c1-a245-4c5e-9669-68afecc7946f,"Khi bị mất thẻ, tôi có thể báo khóa thẻ qua VCB thông qua những hình thức nào?",,__qa__,card,True,1
f811f055-707d-4acd-96b5-438c33d09afc,Tại sao buổi tối tôi chỉ thực hiện rút tiền được 2 giao dịch thành công tại cây ATM của ngân hàng khác?,,__qa__,card,True,1
a5beb703-da29-4841-adcd-4e330bf290cd,Tôi muốn kiểm tra hạn mức còn lại của thẻ tín dụng mà không muốn tới ngân hàng thì có thể kiểm tra qua đâu?,,__qa__,card,True,1
64666b8f-0f7b-4089-9de8-6617c96e0bc6,"Trường hợp tài khoản tiền gửi của tôi tại Vietcombank là tài khoản ngoại tệ, tôi có thể dùng tài khoản này để thanh toán số dư VNĐ trên tài khoản Thẻ tín dụng không?",,__qa__,card,True,1
7f58a0be-cc92-45a5-8631-9a4df4568d1d,VCB có quy định hạn mức đối với các loại giao dịch được thực hiện trên ATM hay không? Hạn mức đó là bao nhiêu?,,__qa__,card,True,1
540fa4c2-6c42-41b8-aaee-71fbd3b0fbed,"Nếu đến ngày đề nghị thanh toán, khách hàng chỉ thanh toán số tiền tối thiểu thì có được không?",,__qa__,card,True,1
bd8f265f-b9d6-419c-ab2f-855c3ef6ac7f,Tôi có thể đăng ký dịch vụ trích nợ tự động bằng cách nào?,,__qa__,card,True,1
af4c3ccd-98a4-4a1f-9582-acfea5575adf,Số tiền thanh toán tối thiểu của mỗi kỳ sao kê tôi phải thanh toán được tính như thế nào?,,__qa__,card,True,1
c3317c57-33dc-4ab7-8160-401f93519cd6,"Tôi không nhận được OTP để liên kết thẻ, tôi phải làm sao?",,__qa__,card,True,1
27397eec-5cf5-45c7-9690-1a7d3c28d1ec,"Tôi đã thực hiện thanh toán trên Ứng dụng MOCA thành công (và đã có tin nhắn thông báo trừ tiền từ VCB), tuy nhiên người bán hàng nói rằng không nhận được thông tin thanh toán của tôi, tôi phải làm sa",,__qa__,card,True,1
e5a95c8f-c5ff-4e29-9fa8-115a19a4f9f8,"Khi điện thoại di động bị mất, thất lạc, hư hỏng hoặc phát hiện, nghi ngờ có hiện tượng truy cập trái phép vào Ứng dụng MOCA, hoặc nghi ngờ thông tin tài khoản của Người dùng không còn bảo mật, tôi nê",,__qa__,card,True,1
a5376bf3-f3ba-4f8f-ab2a-a79bafe9ef73,Quy định về cách thức xác thực giao dịch thẻ VCB trên ứng dụng MOCA như thế nào?,,__qa__,card,True,1
452d790d-f733-4402-936e-ba4421850778,"Tối đa 1 ngày tôi có thể sử dụng dịch vụ thanh toán thẻ VCB- MOCA để thanh toán hàng hóa dịch vụ bao nhiêu lần, hạn mức bao nhiêu?",,__qa__,card,True,1
36f5003f-69ed-4717-a354-93bbcacdbf6c,Tôi có thể liên kết bao nhiêu thẻ VCB trên Ứng dụng MOCA?,,__qa__,card,True,1
f05b686a-7ef5-4e02-a1f2-78d6c2bd393b,"Tôi muốn sử dụng Dịch vụ thanh toán thẻ qua di động VCB – MOCA, tôi phải đăng ký như thế nào?",,__qa__,card,True,1
0ad27f37-881b-4b06-bd6f-859213ae7052,Thẻ của tôi có thể vô tình thực hiện giao dịch không tiếp xúc nếu tôi đi qua thiết bị đọc thẻ không tiếp xúc không?,,__qa__,card,True,1
46110ebc-19ca-4ae6-bfc9-e90698f1dbbd,Tôi nhận được tin nhắn thông báo khi giao dịch thẻ tín dụng là hạn mức khả dụng tạm tính? Giải thích giúp tôi,,__qa__,card,True,1
76012baf-bfbe-47dc-a9ee-bb4cbdac702d,"Khi đến hạn thanh toán, tôi phải làm thế nào để thanh toán sao kê Thẻ tín dụng?",,__qa__,card,True,1
3ee007dc-978b-4b41-9a80-4d91972c734b,"Tôi bị quên mã PIN thẻ của mình, tôi phải làm thế nào để được cấp lại PIN?",,__qa__,card,True,1
c3dfbe8d-d15a-485a-b5ea-f60ca89790a1,Tôi phải trả những khoản phí nào khi rút tiền từ thẻ tín dụng tại máy ATM?,,__qa__,card,True,1
3a69fc72-d6ab-4db9-9062-f3bf4b976d08,"Tôi nhận thẻ (tín dụng/ghi nợ) nhưng không sử dụng được tại ATM, tôi không biết nguyên nhân vì sao?",,__qa__,card,True,1
0ae2af22-1459-4111-9317-5281d2bd760c,Thẻ không tiếp xúc có an toàn không?,,__qa__,card,True,1
f4e39668-cf7c-44b2-b879-66615345baf7,Tôi nên đặt thẻ không tiếp xúc cách thiết bị chấp nhận thẻ bao xa?,,__qa__,card,True,1
c28dd5e6-286b-4b93-ab0f-0194281f00ff,Tôi có thể sử dụng thẻ không tiếp xúc tại các thiết bị chấp nhận thẻ không có biểu tượng không tiếp xúc được không?,,__qa__,card,True,1
cf88bc67-9a92-4a43-8ca8-af5478a1a0ec,Tôi có thể thực hiện thanh toán không tiếp xúc ở đâu?,,__qa__,card,True,1
01161a10-3fa9-463f-a9f7-925a4289cecd,Tôi có cần bảo quản thẻ không tiếp xúc như thế nào?,,__qa__,card,True,1
b30c1c30-e017-4c90-97f5-de58d35bcaec,Vì sao một số giao dịch thẻ không tiếp xúc không cần ký/ nhập PIN?,,__qa__,card,True,1
1e1f75fd-05e6-4c40-aacd-ca9d03e38a98,Vì sao tôi nên sử dụng thẻ không tiếp xúc?,,__qa__,card,True,1
ed702a3f-c7a1-4e77-8976-f9472d13b00b,Làm sao tôi biết thẻ của tôi có phải thẻ không tiếp xúc không?,,__qa__,card,True,1
b976496a-cfea-4b54-a5e1-65dcac7cf43f,Thẻ không tiếp xúc là gì?,,__qa__,card,True,1
f6f12e75-434f-43b2-baf0-ed8b12b17cd2,Thế nào là thẻ chip? Đâu là điểm khác biệt giữa thẻ chip và thẻ băng từ? Thẻ Vietcombank hiện là thẻ chip hay thẻ từ?,,__qa__,card,True,1
bf6b4bc0-17ed-4bc2-99f8-545106537a31,"Khách hàng là chủ thẻ Ngân hàng khác phát hành, KH phải làm gì khi gặp sự cố giao dịch không thành công tại máy ATM của VCB nhưng tài khoản thẻ vẫn bị trừ tiền",,__qa__,card,True,1
f8cd3d00-9dec-4425-8d08-927245ae2a3c,Thẻ tín dụng công ty của Vietcombank có thẻ phụ không?,,__qa__,card,True,1
16b935df-a450-481b-9d26-e9740335efc4,Tôi muốn đăng ký thẻ tín dụng công ty cho nhân viên của tôi. Vietcombank có cung cấp thẻ tín dụng công ty không?,,__qa__,card,True,1
fd818a06-5c10-4a24-9906-3d42cb5d3655,Chủ thẻ phụ có cần phải chứng minh thu nhập hay không?,,__qa__,card,True,1
018b3b07-11a4-4370-8af2-a82df57a5e5d,Thẻ tín dụng Vietcombank có hiệu lực trong bao lâu?,,__qa__,card,True,1
6fd17022-de37-4cd0-aec3-89db1ca22dc6,"Khi thẻ Vietcombank bị thất lạc hoặc bị đánh cắp, tôi nên làm gì?",,__qa__,card,True,1
4239482b-59f0-48a1-bae4-9d7ca9ee6192,"Nếu tôi thanh toán muộn hơn thời hạn thông báo trên sao kê của ngân hàng, tôi sẽ phải trả các khoản phí/ lãi như thế nào?",,__qa__,card,True,1
f60264be-d451-48bb-8e42-1557693bd387,Tôi không muốn sử dụng thẻ Vietcombank trên ứng dụng Moca nữa thì làm thế nào?,,__qa__,card,True,1
14d5b022-d687-4085-8a56-5fa839ae651e,Ngân hàng quy định thời gian miễn lãi của các thẻ tín dụng như thế nào?,,__qa__,card,True,1
14c304c4-7b2b-4b70-9bd6-2f5faf3e7b1a,Làm thế nào để tôi có thể sử dụng thẻ bảo mật và an toàn?,,__qa__,card,True,1
9a982085-5520-43fb-a45f-49d2e7c1fc3b,Tôi có thể tham khảo thông tin về biểu phí của thẻ ở đâu?,,__qa__,card,True,1
184a8e57-bcd6-495c-93a2-93941691cb64,"Sau khi được Vietcombank cấp hạn mức tín dụng để phát hành thẻ, tôi có thể đề nghị thay đổi hạn mức tín dụng của mình được không?",,__qa__,card,True,1
1cc1dd31-d02a-4b16-9677-e9c6afa4e58a,Hạn mức của thẻ tín dụng Vietcombank được cấp cho khách hàng ra sao?,,__qa__,card,True,1
476249db-d996-49e7-bbc1-db36c66f13b5,"Khi phát hành thẻ tín dụng của Vietcombank, ngân hàng phát cho tôi mã PIN, mã PIN này để làm gì?",,__qa__,card,True,1
91d9d556-7062-4c93-adbb-2f917bf9e96e,Tôi không có đủ chứng từ để chứng minh thu nhập nhưng vẫn muốn đăng ký thẻ tín dụng Vietcombank. Trong trường hợp này tôi nên làm thế nào?,,__qa__,card,True,1
802afb59-35b2-4220-b135-a57cb4ee7432,Tôi cần những giấy tờ chứng minh thu nhập gì để có thể phát hành thẻ tín dụng Vietcombank?,,__qa__,card,True,1
d5e3c59d-fbe7-405c-ac6b-e45a66a8854b,"Tôi muốn phát hành thẻ tại Vietcombank, tôi cần chuẩn bị những giấy tờ gì?",,__qa__,card,True,1
0f2c9678-6ae8-4d34-bbcb-5c2d18b0bcd0,"Khi thực hiện giao dịch tại ATM của VCB, tôi thấy ATM có dấu hiệu bị phá hoại, mất thiết bị che bàn phím, khe đọc thẻ kẹt, v.v. , tôi phải làm gì?",,__qa__,card,True,1
c5502460-a12d-4870-a9bd-0b197c2e7942,Thẻ tín dụng quốc tế nói chung của Vietcombank và thẻ tín dụng quốc tế Đồng thương hiệu Vietcombank có khác biệt gì?,,__qa__,card,True,1
17dc68ff-8551-4e4f-8901-026ac08f935e,Vietcombank đã phát hành thẻ tín dụng đồng thương hiệu nào?,,__qa__,card,True,1
690e6e31-55f1-4fb7-b648-3796d59973bc,Thẻ tín dụng và thẻ thanh toán của Vietcombank có điểm gì khác biệt?,,__qa__,card,True,1
30725464-b40a-46c3-a7f2-d808191dfd8f,Vietcombank hiện đang phát hành thẻ tín dụng mang thương hiệu nào?,,__qa__,card,True,1
79f616ef-3680-41f1-a0c7-c0b52a5edd7f,Những thắc mắc không được liệt kê ở đây thì sao?,,__qa__,card,True,1
57bf9d5b-82e5-4b7e-b4a2-d578384f0227,"Tôi không sử dụng thẻ, nhưng lại nhận được tin nhắn báo phát sinh giao dịch. Tôi cần phải làm gì? Tôi có thể nhận lại số tiền đã phát sinh không?",,__qa__,card,True,1
cf1623eb-c395-47de-ac58-27c8f7674552,Vì sao tôi thanh toán sao kê thẻ tín dụng trên VCB Digibank trên trình duyệt web/trên ứng dụng mobile của VCB đúng ngày đến hạn nhưng vẫn bị tính là thanh toán không đúng hạn?,,__qa__,card,True,1
0b30201b-4f2d-4e77-be6c-6cc04419ff6c,Thông tin mã nước của đơn vị chấp nhận thẻ nằm ở đâu? Làm sao Khách hàng có thể biết được mã nước của đơn vị chấp nhận thẻ?,,__qa__,card,True,1
4b95dbbf-f057-4dbb-aebc-672d7512c7bf,Tại sao Khách hàng thực hiện giao dịch thẻ trong nước bằng VND nhưng vẫn áp dụng Phí xử lý giao dịch nội tệ tại nước ngoài?,,__qa__,card,True,1
387f027c-9ccb-42d6-a417-105b3c04a58b,Phí xử lý giao dịch nội tệ tại nước ngoài được tính như thế nào?,,__qa__,card,True,1
9e574dfa-6424-4338-bae3-8562e9f0ce9f,Phí xử lý giao dịch nội tệ tại nước ngoài được áp dụng cho loại thẻ nào?,,__qa__,card,True,2
bf28e085-8ab6-41b5-9769-1e40dd4e7d77,Tính năng bảo mật 3D Secure là gì?,,__qa__,card,True,1
44062c5c-a9de-4eb7-9666-cc753799c2c3,Tôi có cần đăng ký gì với ngân hàng để thẻ của tôi được áp dụng 3D Secure khi thanh toán không?,,__qa__,card,True,1
c22eedef-1b51-454d-9e2a-75f335c27f29,Phí xử lý giao dịch nội tệ tại nước ngoài đối với thẻ tín dụng quốc tế là phí gì,,__qa__,card,True,1
7e3a8d16-86f1-46f5-97a5-6e2721f10018,Loại giao dịch nào sẽ áp dụng Phí xử lý giao dịch nội tệ tại nước ngoài?,,__qa__,card,True,1
083a4a2d-678c-4f74-ba79-10c2f7815cf0,Phí xử lý giao dịch nội tệ tại nước ngoài có tính cho giao dịch bằng ngoại tệ khác VND của Thẻ TDQT/GNQT Vietcombank tại nước ngoài không?,,__qa__,card,True,1
cac30a49-30b1-408d-a27a-c78d83b2bede,Tôi có thể liên kết những loại thẻ nào của VCB trên Ứng dụng MOCA?,,__qa__,card,True,1
